dataset,method,comparison,num_threads,Built index time,Compute dependent points time,Find knn time,Compute density time,Find clusters time,Total time,recall50,precision50,ARI,completeness,homogeneity
mnist,BruteForce_kth_8,ground truth,60,0.015674,0.275985,32.351,0.004241,0.008715,32.799061,0.2,0.2,0.34068559759233535,0.6376154092838282,0.48844675656419395
mnist,BruteForce_sum-exp_8,ground truth,60,0.015666,1.008203,32.990307,0.003373,0.003523,34.15795700000001,0.0,0.0,0.06391368480680842,0.29214892605339704,0.11358126787293987
mnist,BruteForce_kth_16,ground truth,60,0.015704,0.072879,32.699716,0.005858,0.002484,32.93316300000001,0.3,0.3,0.3119227213679831,0.6455128407429056,0.4931541564319665
mnist,BruteForce_sum-exp_16,ground truth,60,0.015381,0.345653,32.890421,0.003742,0.002945,33.395398,0.0,0.0,0.048393677029536925,0.2541775856186743,0.09590186016190919
