dataset,method,comparison,num_threads,Built index time,Compute dependent points time,Find knn time,Compute density time,Find clusters time,Total time,recall50,precision50,ARI,completeness,homogeneity
imagenet,BruteForce_kth_8,ground truth,60,0.019686,67.142838,31834.749272,0.015179,0.021332,31904.619801000004,0.788,0.788,0.7070840305804162,0.9053412528485965,0.8929208007105469
imagenet,BruteForce_sum-exp_8,ground truth,60,0.017176,2324.515332,31977.387947,0.012696,0.022791,34304.60445400001,0.181,0.181,0.2492846254983633,0.8951076421450097,0.747602467642323
imagenet,BruteForce_kth_16,ground truth,60,0.0186,30.897817,31946.343946,0.024398,0.021394,31979.983954000003,0.801,0.801,0.7105284210134226,0.9056988100821216,0.8942455249530679
imagenet,BruteForce_sum-exp_16,ground truth,60,0.018261,1141.222382,32145.539436,0.021847,0.02276,33289.467812999996,0.181,0.181,0.2492846254983633,0.8951076421450097,0.747602467642323
