dataset,method,comparison,num_threads,Built index time,Compute dependent points time,Find knn time,Compute density time,Find clusters time,Total time,recall50,precision50,ARI,completeness,homogeneity
arxiv-clustering-s2s,BruteForce_kth_8,ground truth,60,0.016217,60.280356,9844.079355,0.007254,0.012311,9905.813016,0.0,0.0,0.04682159456096295,0.28030777038735083,0.3075443084788414
arxiv-clustering-s2s,BruteForce_sum-exp_8,ground truth,60,0.015621,117.66885,9834.016144,0.006204,0.015274,9953.154488,0.0,0.0,0.06533669818600168,0.28078259928874894,0.3043624874766989
arxiv-clustering-s2s,BruteForce_kth_16,ground truth,60,0.015785,17.033946,9875.384394,0.018509,0.015116,9893.882234,0.0,0.0,0.05154623294738517,0.2937519061114376,0.323724489965877
arxiv-clustering-s2s,BruteForce_sum-exp_16,ground truth,60,0.019077,28.041112,9827.391444,0.009917,0.013518,9856.907353000002,0.0,0.0,0.06039572898160798,0.2834975223782966,0.3166347575700829
