dataset,method,comparison,num_threads,Built index time,Compute dependent points time,Find knn time,Compute density time,Find clusters time,Total time,recall50,precision50,ARI,completeness,homogeneity
imagenet,fastdp_320_1_16,ground truth,60,,,,,,22297.58276438713,0.075,0.075,0.21049677005682388,0.5184326563873737,0.4968823348378319
imagenet,fastdp_160_1_16,ground truth,60,,,,,,22576.46097135544,0.027,0.027,0.15465354038184617,0.4408475878069969,0.42154214782325483
imagenet,fastdp_80_1_16,ground truth,60,,,,,,24072.912352085114,0.007,0.007,0.10303136075238788,0.3674061728991033,0.3472268361925234
imagenet,fastdp_40_1_16,ground truth,60,,,,,,26603.148176908493,0.003,0.003,0.057013914488155515,0.27685157664337157,0.26055760298676345
imagenet,fastdp_160_2_16,ground truth,60,,,,,,7838.355542898178,0.511,0.511,0.46143942546891475,0.7409971732010625,0.7269886805756046
imagenet,fastdp_80_2_16,ground truth,60,,,,,,9592.460798978806,0.417,0.417,0.4133896659338347,0.700583121148237,0.6850959187319742
imagenet,fastdp_40_2_16,ground truth,60,,,,,,12428.593755960464,0.172,0.172,0.2832551210521789,0.5802242766580066,0.560353548159504
