dataset,method,comparison,num_threads,Built index time,Compute dependent points time,Find knn time,Compute density time,Find clusters time,Total time,recall50,precision50,ARI,completeness,homogeneity
reddit-clustering,BruteForce_kth_8,ground truth,60,0.018176,90.676613,2874.462089,0.005651,0.006749,2965.9889190000004,0.0,0.0,0.0,1.0,0.0
reddit-clustering,BruteForce_sum-exp_8,ground truth,60,0.020214,139.415988,2870.172409,0.008509,0.011977,3010.447659,0.04,0.04,0.006831572648464887,0.3705330022088985,0.10090307956703264
reddit-clustering,BruteForce_kth_16,ground truth,60,0.016906,24.855109,2862.500482,0.008856,0.008125,2888.1980559999993,0.02,0.02,0.09558713909850645,0.3415443529369653,0.25000180001879835
reddit-clustering,BruteForce_sum-exp_16,ground truth,60,0.019945,51.910136,2874.693501,0.023022,0.009394,2927.4761630000003,0.02,0.02,0.030736105963863596,0.3790019971454823,0.22811932918125707
